{"loss": 0.47131502628326416, "val_loss": 0.4079158306121826, "accuracy": 0.471, "val_accuracy": 0.408, "_runtime": 18, "_timestamp": 1621447053, "_step": 124}