{"loss": 0.45837822556495667, "val_loss": 0.41010454297065735, "accuracy": 0.471, "val_accuracy": 0.408, "_runtime": 11, "_timestamp": 1621446945, "_step": 49}