{"loss": 46.6960334777832, "val_loss": 57.894737243652344, "accuracy": 0.533, "_runtime": 8, "_timestamp": 1621482061, "_step": 211}