{"loss": 0.46483540534973145, "val_loss": 0.4387403130531311, "accuracy": 0.471, "val_accuracy": 0.408, "_runtime": 9, "_timestamp": 1621446979, "_step": 24}