{"loss": 0.2158801555633545, "val_loss": 0.3708788752555847, "accuracy": 0.0, "_runtime": 8, "_timestamp": 1621484158, "_step": 149}