{"loss": 0.7427627444267273, "val_loss": 47.3684196472168, "accuracy": 0.0, "_runtime": 8, "_timestamp": 1621482719, "_step": 211}