{"loss": 0.22011511027812958, "val_loss": 0.36739930510520935, "accuracy": 0.0, "_runtime": 8, "_timestamp": 1621483486, "_step": 211}