{"loss": 51.541847229003906, "val_loss": 36.842105865478516, "accuracy": 0.515, "val_accuracy": 0.632, "_runtime": 23, "_timestamp": 1621481348, "_step": 211}