{"loss": 0.4498726427555084, "val_loss": 0.4736842215061188, "accuracy": 0.0, "_runtime": 8, "_timestamp": 1621482821, "_step": 211}