{"loss": 0.23488201200962067, "val_loss": 0.2696721851825714, "accuracy": 0.0, "_runtime": 8, "_timestamp": 1621482895, "_step": 211}