{"loss": 0.45177778601646423, "val_loss": 0.4105289578437805, "accuracy": 0.471, "val_accuracy": 0.408, "_runtime": 16, "_timestamp": 1621447831, "_step": 99}