{"loss": 0.22146783769130707, "val_loss": 0.38095027208328247, "accuracy": 0.0, "_runtime": 8, "_timestamp": 1621483525, "_step": 211}