{"loss": 0.4809509515762329, "val_loss": 0.3815789520740509, "accuracy": 0.0, "_runtime": 8, "_timestamp": 1621482876, "_step": 211}