{"loss": 0.2501721680164337, "val_loss": 0.24859608709812164, "accuracy": 0.0, "_runtime": 8, "_timestamp": 1621483255, "_step": 211}