{"loss": 52.863433837890625, "val_loss": 40.78947448730469, "accuracy": 0.471, "_runtime": 9, "_timestamp": 1621481886, "_step": 211}