{"loss": 0.2133084237575531, "val_loss": 0.3562977910041809, "accuracy": 0.0, "_runtime": 8, "_timestamp": 1621483714, "_step": 211}