{"loss": 0.44936603307724, "val_loss": 0.4736967980861664, "accuracy": 0.449, "val_accuracy": 0.474, "_runtime": 20, "_timestamp": 1621446534, "_step": 149}