{"loss": 0.363542377948761, "val_loss": 0.48373597860336304, "accuracy": 0.652, "val_accuracy": 0.618, "_runtime": 53, "_timestamp": 1621446273, "_step": 499}