{"loss": 0.447943776845932, "val_loss": 0.47410401701927185, "accuracy": 0.449, "val_accuracy": 0.474, "_runtime": 16, "_timestamp": 1621446324, "_step": 99}