{"loss": 0.4273276925086975, "val_loss": 0.5394511222839355, "accuracy": 0.432, "val_accuracy": 0.539, "_runtime": 18, "_timestamp": 1621446001, "_step": 111}