{"loss": 46.6960334777832, "val_loss": 42.105262756347656, "accuracy": 0.533, "_runtime": 8, "_timestamp": 1621482104, "_step": 211}