{"loss": 0.24886243045330048, "val_loss": 0.37390226125717163, "accuracy": 0.0, "_runtime": 9, "_timestamp": 1621483193, "_step": 211}