{"loss": 0.4008096158504486, "val_loss": 0.455893874168396, "accuracy": 0.48, "val_accuracy": 0.447, "_runtime": 29, "_timestamp": 1621447644, "_step": 224}