{"loss": 0.22864827513694763, "val_loss": 0.232345312833786, "accuracy": 0.0, "_runtime": 8, "_timestamp": 1621483153, "_step": 211}