{"loss": 0.21467620134353638, "val_loss": 0.3062145709991455, "accuracy": 0.0, "_runtime": 8, "_timestamp": 1621483506, "_step": 211}