{"loss": 0.23292027413845062, "val_loss": 0.2686021625995636, "accuracy": 0.0, "_runtime": 8, "_timestamp": 1621483095, "_step": 211}