{"loss": 0.4537621736526489, "val_loss": 0.4605381488800049, "accuracy": 0.463, "val_accuracy": 0.461, "_runtime": 16, "_timestamp": 1621445173, "_step": 99}