{"loss": 0.333207368850708, "val_loss": 0.5411953926086426, "accuracy": 0.471, "val_accuracy": 0.408, "_runtime": 26, "_timestamp": 1621447447, "_step": 211}