{"loss": 41.8502197265625, "val_loss": 56.578948974609375, "accuracy": 0.581, "_runtime": 8, "_timestamp": 1621481767, "_step": 211}