{"loss": 0.42733463644981384, "val_loss": 0.5394413471221924, "accuracy": 0.427, "val_accuracy": 0.539, "_runtime": 16, "_timestamp": 1621445963, "_step": 99}