{"loss": 0.22150789201259613, "val_loss": 0.23753514885902405, "accuracy": 0.0, "_runtime": 8, "_timestamp": 1621483676, "_step": 211}