{"loss": 46.6960334777832, "val_loss": 44.73684310913086, "accuracy": 0.533, "_runtime": 7, "_timestamp": 1621482164, "_step": 8}