{"loss": 0.21141432225704193, "val_loss": 0.3682544231414795, "accuracy": 0.0, "_runtime": 9, "_timestamp": 1621483965, "_step": 211}