{"loss": 52.42290496826172, "val_loss": 60.52631759643555, "accuracy": 0.476, "_runtime": 9, "_timestamp": 1621481691, "_step": 211}