{"loss": 45.81497573852539, "val_loss": 44.73684310913086, "accuracy": 0.542, "val_accuracy": 0.553, "_runtime": 24, "_timestamp": 1621481117, "_step": 211}