{"loss": 0.42733052372932434, "val_loss": 0.5394590497016907, "accuracy": 0.427, "val_accuracy": 0.539, "_runtime": 18, "_timestamp": 1621446041, "_step": 124}