{"loss": 0.2162381410598755, "val_loss": 0.2863138020038605, "accuracy": 0.0, "_runtime": 8, "_timestamp": 1621483695, "_step": 211}