{"loss": 0.22753587365150452, "val_loss": 0.27053385972976685, "accuracy": 0.0, "_runtime": 8, "_timestamp": 1621484184, "_step": 124}