{"loss": 0.20460572838783264, "val_loss": 0.3420347571372986, "accuracy": 0.0, "_runtime": 9, "_timestamp": 1621484005, "_step": 249}