{"loss": 0.3525536358356476, "val_loss": 0.43912985920906067, "accuracy": 0.476, "val_accuracy": 0.395, "_runtime": 17, "_timestamp": 1621445727, "_step": 99}