{"loss": 0.47105836868286133, "val_loss": 0.4081171452999115, "accuracy": 0.471, "val_accuracy": 0.408, "_runtime": 21, "_timestamp": 1621447170, "_step": 149}