{"loss": 44.93391799926758, "val_loss": 52.6315803527832, "accuracy": 0.551, "_runtime": 8, "_timestamp": 1621482336, "_step": 211}