{"loss": 0.2239152193069458, "val_loss": 0.352003812789917, "accuracy": 0.0, "_runtime": 8, "_timestamp": 1621483544, "_step": 211}