{"loss": 0.22514984011650085, "val_loss": 0.4880765676498413, "accuracy": 0.0, "_runtime": 9, "_timestamp": 1621484045, "_step": 224}