{"loss": 0.4493778347969055, "val_loss": 0.473704993724823, "accuracy": 0.454, "val_accuracy": 0.474, "_runtime": 16, "_timestamp": 1621445305, "_step": 99}