{"loss": 55.066078186035156, "val_loss": 52.6315803527832, "accuracy": 0.449, "val_accuracy": 0.474, "_runtime": 23, "_timestamp": 1621481259, "_step": 211}