{"loss": 0.44934967160224915, "val_loss": 0.4736885130405426, "accuracy": 0.449, "val_accuracy": 0.487, "_runtime": 25, "_timestamp": 1621446619, "_step": 199}