{"loss": 0.4805241823196411, "val_loss": 0.3815789520740509, "accuracy": 0.0, "_runtime": 8, "_timestamp": 1621482914, "_step": 211}