{"loss": 0.4493359923362732, "val_loss": 0.47368699312210083, "accuracy": 0.449, "val_accuracy": 0.474, "_runtime": 19, "_timestamp": 1621446490, "_step": 124}