{"loss": 0.22347043454647064, "val_loss": 0.24916857481002808, "accuracy": 0.0, "_runtime": 8, "_timestamp": 1621484211, "_step": 249}