{"loss": 47.13656234741211, "val_loss": 40.78947448730469, "accuracy": 0.529, "_runtime": 9, "_timestamp": 1621481910, "_step": 211}