{"loss": 54.62554931640625, "val_loss": 47.3684196472168, "accuracy": 0.454, "_runtime": 9, "_timestamp": 1621482258, "_step": 211}