{"loss": 0.21674920618534088, "val_loss": 0.21932663023471832, "accuracy": 0.0, "_runtime": 8, "_timestamp": 1621483753, "_step": 211}