{"loss": 0.6890775561332703, "val_loss": 17.817378997802734, "accuracy": 0.0, "_runtime": 9, "_timestamp": 1621482782, "_step": 211}