{"loss": 0.2408250868320465, "val_loss": 0.3150818645954132, "accuracy": 0.0, "_runtime": 8, "_timestamp": 1621483394, "_step": 211}