{"loss": 0.3162182569503784, "val_loss": 0.4934892952442169, "accuracy": 0.471, "val_accuracy": 0.408, "_runtime": 18, "_timestamp": 1621447799, "_step": 124}