{"loss": 0.24937424063682556, "val_loss": 0.257539838552475, "accuracy": 0.0, "_runtime": 8, "_timestamp": 1621483173, "_step": 211}