{"loss": 0.3884778916835785, "val_loss": 0.4381946921348572, "accuracy": 0.471, "val_accuracy": 0.408, "_runtime": 17, "_timestamp": 1621446721, "_step": 99}