{"loss": 0.21370884776115417, "val_loss": 0.32739725708961487, "accuracy": 0.0, "_runtime": 8, "_timestamp": 1621483847, "_step": 211}