{"loss": 55.066078186035156, "val_loss": 47.3684196472168, "accuracy": 0.449, "_runtime": 7, "_timestamp": 1621482395, "_step": 211}