{"loss": 0.2289661169052124, "val_loss": 0.2571016848087311, "accuracy": 0.0, "_runtime": 9, "_timestamp": 1621483435, "_step": 211}