{"loss": 0.3722569942474365, "val_loss": 0.52059006690979, "accuracy": 0.471, "val_accuracy": 0.408, "_runtime": 21, "_timestamp": 1621447756, "_step": 149}