{"loss": 0.22134339809417725, "val_loss": 0.380130410194397, "accuracy": 0.0, "_runtime": 8, "_timestamp": 1621483657, "_step": 211}