{"loss": 0.41698190569877625, "val_loss": 0.4846692681312561, "accuracy": 0.471, "val_accuracy": 0.408, "_runtime": 29, "_timestamp": 1621447383, "_step": 236}