{"loss": 0.36129555106163025, "val_loss": 0.44880789518356323, "accuracy": 0.471, "val_accuracy": 0.408, "_runtime": 28, "_timestamp": 1621447322, "_step": 224}