{"loss": 0.23059558868408203, "val_loss": 0.3647560775279999, "accuracy": 0.0, "_runtime": 8, "_timestamp": 1621483413, "_step": 211}