{"loss": 0.21307960152626038, "val_loss": 0.27784910798072815, "accuracy": 0.0, "_runtime": 8, "_timestamp": 1621483945, "_step": 211}