{"loss": 49.33920669555664, "val_loss": 47.3684196472168, "accuracy": 0.507, "_runtime": 8, "_timestamp": 1621482376, "_step": 211}