{"loss": 0.24917076528072357, "val_loss": 0.24548646807670593, "accuracy": 0.0, "_runtime": 9, "_timestamp": 1621483133, "_step": 211}