{"loss": 0.3282318115234375, "val_loss": 0.5649806261062622, "accuracy": 0.471, "val_accuracy": 0.408, "_runtime": 25, "_timestamp": 1621447262, "_step": 199}