{"loss": 0.4493387043476105, "val_loss": 0.47368454933166504, "accuracy": 0.454, "val_accuracy": 0.566, "_runtime": 16, "_timestamp": 1621446447, "_step": 99}