{"loss": 0.6877694725990295, "val_loss": 9.335851669311523, "accuracy": 0.0, "_runtime": 7, "_timestamp": 1621483069, "_step": 211}