{"loss": 41.8502197265625, "val_loss": 43.42105484008789, "accuracy": 0.581, "_runtime": 8, "_timestamp": 1621481788, "_step": 211}