{"loss": 0.22729754447937012, "val_loss": 0.2020004689693451, "accuracy": 0.0, "_runtime": 8, "_timestamp": 1621484129, "_step": 174}