{"loss": 0.25051993131637573, "val_loss": 0.3943372666835785, "accuracy": 0.0, "_runtime": 8, "_timestamp": 1621483235, "_step": 211}