{"loss": 0.45378828048706055, "val_loss": 0.46055716276168823, "accuracy": 0.458, "val_accuracy": 0.461, "_runtime": 17, "_timestamp": 1621445135, "_step": 99}