{"loss": 0.4052846431732178, "val_loss": 0.5140787363052368, "accuracy": 0.471, "val_accuracy": 0.408, "_runtime": 17, "_timestamp": 1621446855, "_step": 111}