{"loss": 0.31318235397338867, "val_loss": 0.5277177095413208, "accuracy": 0.471, "val_accuracy": 0.408, "_runtime": 23, "_timestamp": 1621447694, "_step": 174}