{"loss": 0.3997128903865814, "val_loss": 0.478161484003067, "accuracy": 0.449, "val_accuracy": 0.474, "_runtime": 16, "_timestamp": 1621445516, "_step": 99}