{"loss": 0.21819132566452026, "val_loss": 0.3550885021686554, "accuracy": 0.0, "_runtime": 9, "_timestamp": 1621483774, "_step": 211}