{"loss": 0.2201942652463913, "val_loss": 0.23461858928203583, "accuracy": 0.0, "_runtime": 8, "_timestamp": 1621483733, "_step": 211}