{"loss": 0.4273172616958618, "val_loss": 0.5394628643989563, "accuracy": 0.432, "val_accuracy": 0.539, "_runtime": 29, "_timestamp": 1621446084, "_step": 249}