{"loss": 0.6880053281784058, "val_loss": 52.6315803527832, "accuracy": 0.0, "_runtime": 8, "_timestamp": 1621482759, "_step": 211}