{"loss": 55.066078186035156, "val_loss": 52.6315803527832, "accuracy": 0.449, "_runtime": 9, "_timestamp": 1621482277, "_step": 211}