{"loss": 46.6960334777832, "val_loss": 57.894737243652344, "accuracy": 0.533, "_runtime": 9, "_timestamp": 1621482126, "_step": 211}