{"loss": 0.22006943821907043, "val_loss": 0.26499220728874207, "accuracy": 0.0, "_runtime": 8, "_timestamp": 1621484103, "_step": 199}