{"loss": 0.21443010866641998, "val_loss": 0.3815762996673584, "accuracy": 0.0, "_runtime": 8, "_timestamp": 1621483925, "_step": 211}