{"loss": 0.6889301538467407, "val_loss": 47.3684196472168, "accuracy": 0.0, "_runtime": 8, "_timestamp": 1621482453, "_step": 211}