{"loss": 0.4272967278957367, "val_loss": 0.5392595529556274, "accuracy": 0.427, "val_accuracy": 0.539, "_runtime": 11, "_timestamp": 1621445902, "_step": 49}