{"loss": 0.2175332009792328, "val_loss": 0.3452446162700653, "accuracy": 0.0, "_runtime": 8, "_timestamp": 1621483563, "_step": 211}