{"loss": 55.066078186035156, "val_loss": 52.6315803527832, "accuracy": 0.449, "_runtime": 8, "_timestamp": 1621482297, "_step": 211}