{"loss": 0.24142368137836456, "val_loss": 0.3366687595844269, "accuracy": 0.0, "_runtime": 8, "_timestamp": 1621483374, "_step": 211}