{"loss": 0.3744910955429077, "val_loss": 0.4346190392971039, "accuracy": 0.586, "val_accuracy": 0.592, "_runtime": 30, "_timestamp": 1621447109, "_step": 249}