{"loss": 0.2244412899017334, "val_loss": 0.2923225462436676, "accuracy": 0.0, "_runtime": 8, "_timestamp": 1621483887, "_step": 211}