{"loss": 0.21909213066101074, "val_loss": 0.2990677058696747, "accuracy": 0.0, "_runtime": 8, "_timestamp": 1621483906, "_step": 211}