{"loss": 0.23166067898273468, "val_loss": 0.2422294169664383, "accuracy": 0.0, "_runtime": 8, "_timestamp": 1621483867, "_step": 211}