{"loss": 44.93391799926758, "val_loss": 47.3684196472168, "accuracy": 0.551, "_runtime": 8, "_timestamp": 1621482355, "_step": 211}