{"loss": 0.24874860048294067, "val_loss": 0.3244682252407074, "accuracy": 0.0, "_runtime": 8, "_timestamp": 1621483114, "_step": 211}