{"loss": 0.33741524815559387, "val_loss": 0.416678786277771, "accuracy": 0.533, "val_accuracy": 0.539, "_runtime": 25, "_timestamp": 1621447598, "_step": 199}