{"loss": 0.42059460282325745, "val_loss": 0.5337252616882324, "accuracy": 0.471, "val_accuracy": 0.408, "_runtime": 14, "_timestamp": 1621446909, "_step": 74}