{"loss": 0.3638305962085724, "val_loss": 0.4132237136363983, "accuracy": 0.48, "val_accuracy": 0.382, "_runtime": 16, "_timestamp": 1621445635, "_step": 99}