{"loss": 0.4493546485900879, "val_loss": 0.47369053959846497, "accuracy": 0.449, "val_accuracy": 0.474, "_runtime": 23, "_timestamp": 1621446575, "_step": 174}