{"loss": 0.4273064434528351, "val_loss": 0.5394675135612488, "accuracy": 0.427, "val_accuracy": 0.539, "_runtime": 54, "_timestamp": 1621446155, "_step": 499}