{"loss": 0.21603652834892273, "val_loss": 0.22250641882419586, "accuracy": 0.0, "_runtime": 8, "_timestamp": 1621484071, "_step": 211}