{"loss": 0.4577116370201111, "val_loss": 0.44750022888183594, "accuracy": 0.458, "val_accuracy": 0.447, "_runtime": 27, "_timestamp": 1621481083, "_step": 211}