{"loss": 0.36614835262298584, "val_loss": 0.4970875382423401, "accuracy": 0.432, "val_accuracy": 0.526, "_runtime": 28, "_timestamp": 1621479664, "_step": 211}