{"loss": 47.13656234741211, "val_loss": 59.21052551269531, "accuracy": 0.529, "_runtime": 9, "_timestamp": 1621481862, "_step": 211}