{"loss": 0.21237939596176147, "val_loss": 0.36826422810554504, "accuracy": 0.0, "_runtime": 9, "_timestamp": 1621483465, "_step": 211}