{"loss": 0.42734307050704956, "val_loss": 0.5394233465194702, "accuracy": 0.427, "val_accuracy": 0.539, "_runtime": 14, "_timestamp": 1621445932, "_step": 74}