{"loss": 0.22464115917682648, "val_loss": 0.36860498785972595, "accuracy": 0.0, "_runtime": 8, "_timestamp": 1621483828, "_step": 211}