{"loss": 0.42679476737976074, "val_loss": 0.5384397506713867, "accuracy": 0.427, "val_accuracy": 0.539, "_runtime": 9, "_timestamp": 1621445872, "_step": 24}