{"loss": 44.93391799926758, "val_loss": 47.3684196472168, "accuracy": 0.551, "_runtime": 9, "_timestamp": 1621482434, "_step": 211}