{"loss": 0.24685049057006836, "val_loss": 0.2659943103790283, "accuracy": 0.0, "_runtime": 9, "_timestamp": 1621483215, "_step": 211}