{"loss": 0.23361018300056458, "val_loss": 0.3605307936668396, "accuracy": 0.0, "_runtime": 9, "_timestamp": 1621483352, "_step": 211}