{"loss": 0.4059410095214844, "val_loss": 0.46364831924438477, "accuracy": 0.471, "val_accuracy": 0.408, "_runtime": 18, "_timestamp": 1621446798, "_step": 124}