{"loss": 0.4699590504169464, "val_loss": 0.4117172062397003, "accuracy": 0.471, "val_accuracy": 0.408, "_runtime": 23, "_timestamp": 1621447218, "_step": 174}